<?xml version="1.0" encoding="UTF-8"?>
<project name="dynaTrace Automation Ant Task Definitions">
	<description>
		Defines the dynaTrace Ant Automation Tasks
	</description>

	<!-- TODO: Set the correct path to where your com.dynatrace.diagnostics.automation.jar file is located -->	
	<property name="dtBaseDir" value="C:\data\jloadtraceTrunk32\jloadtrace\plugins-build" />
	
	<!-- Setting default values for dynaTrace Ant Tasks -->
	<property name="dtUsername" value="admin" />
	<property name="dtPassword" value="admin" />
	<property name="dtServerUrl" value="http://localhost:8020" />
	<property name="dtProfile" value="GoSpace" />

	<!-- dtSessionNameProperty: Ant Property that will be used to store the Session Name for e.g.: Start/Stop Recording -->
	<property name="dtSessionNameProperty" value="SessionName" />
	
	<!-- Define the dynaTrace Ant Tasks -->
	<taskdef name="DtGetAgentInfo" classname="com.dynatrace.diagnostics.automation.ant.DtGetAgentInfo">
		<classpath>
		  <pathelement location="${dtBaseDir}\com.dynatrace.diagnostics.automation.jar" />
		</classpath> 
	</taskdef>
	<taskdef name="DtStartRecording" classname="com.dynatrace.diagnostics.automation.ant.DtStartRecording">
		<classpath>
		  <pathelement location="${dtBaseDir}\com.dynatrace.diagnostics.automation.jar" />
		</classpath> 
	</taskdef>
	<taskdef name="DtStopRecording" classname="com.dynatrace.diagnostics.automation.ant.DtStopRecording">
		<classpath>
		  <pathelement location="${dtBaseDir}\com.dynatrace.diagnostics.automation.jar" />
		</classpath> 
	</taskdef>
	<taskdef name="DtReanalyzeSession" classname="com.dynatrace.diagnostics.automation.ant.DtReanalyzeSession">
		<classpath>
		  <pathelement location="${dtBaseDir}\com.dynatrace.diagnostics.automation.jar" />
		</classpath> 
	</taskdef>
	<taskdef name="DtMemoryDump" classname="com.dynatrace.diagnostics.automation.ant.DtMemoryDump">
		<classpath>
		  <pathelement location="${dtBaseDir}\com.dynatrace.diagnostics.automation.jar" />
		</classpath> 
	</taskdef>
	<taskdef name="DtThreadDump" classname="com.dynatrace.diagnostics.automation.ant.DtThreadDump">
		<classpath>
		  <pathelement location="${dtBaseDir}\com.dynatrace.diagnostics.automation.jar" />
		</classpath> 
	</taskdef>
	<taskdef name="DtEnableProfile" classname="com.dynatrace.diagnostics.automation.ant.DtEnableProfile">
		<classpath>
		  <pathelement location="${dtBaseDir}\com.dynatrace.diagnostics.automation.jar" />
		</classpath> 
	</taskdef>
	<taskdef name="DtActivateConfiguration" classname="com.dynatrace.diagnostics.automation.ant.DtActivateConfiguration">
		<classpath>
		  <pathelement location="${dtBaseDir}\com.dynatrace.diagnostics.automation.jar" />
		</classpath> 
	</taskdef>
	<taskdef name="DtClearSession" classname="com.dynatrace.diagnostics.automation.ant.DtClearSession">
		<classpath>
		  <pathelement location="${dtBaseDir}\com.dynatrace.diagnostics.automation.jar" />
		</classpath> 
	</taskdef>
	<taskdef name="DtReport" classname="com.dynatrace.diagnostics.automation.ant.DtReport">
		<classpath>
		  <pathelement location="${dtBaseDir}\com.dynatrace.diagnostics.automation.jar" />
		</classpath> 
	</taskdef>
	<taskdef name="DtArchiVal" classname="com.dynatrace.diagnostics.automation.ant.DtArchitectureValidation">
		<classpath>
		  <pathelement location="${dtBaseDir}\com.dynatrace.diagnostics.automation.jar" />
		</classpath> 
	</taskdef>
</project>
