<?xml version="1.0" encoding="UTF-8"?>
<dynatrace version="3.1.1.1837" date="15.01.10 12:09">
  <dashboardconfig memento.version="3.1.1.1837" id="bc5c8948-98ae-49b7-9998-7ca75a655ba7" revision="00000126-32f6-03c1-8940-ec1dd295e529" icon="com.dynatrace.diagnostics.sdk/default.gif" source="server://grabs" sessiontype="stored" description="" name="RulesDashboard" opendrilldowninnewdashboard="false" sessionid="dynaChallenge/20100115101107_0.session" bgcolor="255,255,255,255" mode="EDIT">
    <reportconfig lines.per.table="100" orientation="portrait" print.legends="true" enabled="true" title="" description="" levels.per.tree="10" override="false" print.images="true" type="PDF" />
    <filter>
      <criterion type="timeframe">
        <timeframe start="0" type="Auto" end="9223372036854775807" />
      </criterion>
      <criterion enabled="false" filterbyid="false" type="threads" />
      <criterion type="purepaths" mode="all">
        <textpattern enabled="true" type="contains" />
      </criterion>
      <criterion type="btm">
        <record transaction="ByTraceName">
          <textpattern enabled="true" type="matches">testHomeHandler</textpattern>
        </record>
      </criterion>
      <criterion excludeexternalsubpaths="false" type="api" mode="all" />
      <criterion type="webpage">
        <textpattern enabled="true" name="timerName" type="contains" />
        <textpattern enabled="true" name="pageContext" type="contains" />
      </criterion>
      <criterion excludeexternalsubpaths="false" type="agents" mode="all" />
      <criterion type="webrequest">
        <textpattern enabled="true" name="uri" type="contains" />
        <textpattern enabled="true" name="query" type="contains" />
      </criterion>
    </filter>
    <autorefreshconfig unit="MINUTES" enabled="false" time="5" />
    <dashboardlayout>
      <portletfolder relationtype="LEFT" portletdecorationvisible="false" ratio="0.95" folderid="leftFolder" selectionindex="0" relatedfolderid="DashboardLayout.blankArea" portletconfigorder="593a101e-60a8-48e0-a155-e38b53efb541" />
      <portletfolder relationtype="BOTTOM" ratio="0.045454547" folderid="org.eclipse.ui.internal.ViewStack@e29110" selectionindex="0" relatedfolderid="leftFolder" portletconfigorder="c4e02582-6266-487e-b058-367ea1772b20" />
      <portletfolder relationtype="BOTTOM" ratio="0.28903654" folderid="org.eclipse.ui.internal.ViewStack@14cbff7" selectionindex="0" relatedfolderid="org.eclipse.ui.internal.ViewStack@e29110" portletconfigorder="94a3fd76-49f8-4b1e-8498-843bb6df5575" />
      <portletfolder relationtype="BOTTOM" ratio="0.28504673" folderid="org.eclipse.ui.internal.ViewStack@1c686c2" selectionindex="0" relatedfolderid="org.eclipse.ui.internal.ViewStack@14cbff7" portletconfigorder="0849dee8-203d-4474-afef-f94c7d013c70" />
      <portletfolder relationtype="RIGHT" ratio="0.4988067" folderid="org.eclipse.ui.internal.ViewStack@e9f026" selectionindex="0" relatedfolderid="org.eclipse.ui.internal.ViewStack@1c686c2" portletconfigorder="6eb3d531-e126-4df7-9523-7b5772581516" />
      <portletfolder relationtype="RIGHT" ratio="0.4988067" folderid="org.eclipse.ui.internal.ViewStack@162fb55" selectionindex="0" relatedfolderid="org.eclipse.ui.internal.ViewStack@14cbff7" portletconfigorder="1d1142b3-ef71-48d8-bc50-eb856cce8e6d" />
    </dashboardlayout>
    <portletconfig icon="com.dynatrace.diagnostics.sdk/default.gif" usespecificautorefresh="false" usedashboardsourceforcompare="true" folderid="org.eclipse.ui.internal.ViewStack@14cbff7" sessiontype="stored" displaymode="Base" usedashboardsource="true" sessionid="dynaChallenge/20100115101107_0.session" bgcolor="236,233,216,255" id="94a3fd76-49f8-4b1e-8498-843bb6df5575" addfilterinfo="false" source="server://grabs" description="" name="Database" typeid="com.dynatrace.diagnostics.portlets.database.Database">
      <reportconfig lines.per.table="100" print.legends="true" enabled="true" levels.per.tree="10" override="false" print.images="true" reportposition="2" />
      <filter>
        <criterion type="timeframe">
          <timeframe start="0" type="Auto" end="9223372036854775807" />
        </criterion>
        <criterion enabled="false" filterbyid="false" type="threads" />
        <criterion type="purepaths" mode="all" />
        <criterion type="btm" />
        <criterion sort="highestValues" isactive="false" columnlabel="" maxnrofrecords="10" customdefaultcolumnindex="0" customdefaultcolumnlabel="" columnindex="0" type="topx" />
        <criterion excludeexternalsubpaths="false" type="api" mode="all" />
        <criterion type="webpage">
          <textpattern enabled="true" name="timerName" type="contains" />
          <textpattern enabled="true" name="pageContext" type="contains" />
        </criterion>
        <criterion excludeexternalsubpaths="false" type="agents" mode="all" />
        <criterion type="webrequest">
          <textpattern enabled="true" name="uri" type="contains" />
          <textpattern enabled="true" name="query" type="contains" />
        </criterion>
        <inheritancemap />
      </filter>
      <autorefreshconfig unit="MINUTES" enabled="false" time="5" />
      <sashconfig weights="1,1" displayoption="CHART_AND_TABLE" />
      <datamodelconfig>
        <table name="database" sortcolumn="0" columnorder="0,1,2,3,4,5,6,7,8,9,10,11,12,13,14,15,16,17,18,19,20,21">
          <column index="0" sort="None" forcevisible="false" hidden="false" width="20" />
          <column index="1" sort="None" forcevisible="false" hidden="false" width="340" />
          <column index="2" sort="None" forcevisible="false" hidden="true" width="340" />
          <column index="3" sort="None" forcevisible="false" hidden="false" width="90" />
          <column index="4" sort="None" forcevisible="false" hidden="false" width="120" />
          <column index="5" sort="None" forcevisible="false" hidden="true" width="120" />
          <column index="6" sort="None" forcevisible="false" hidden="true" width="120" />
          <column index="7" sort="None" forcevisible="false" hidden="false" width="140" />
          <column index="8" sort="None" forcevisible="false" hidden="false" width="120" />
          <column index="9" sort="None" forcevisible="false" hidden="true" width="120" />
          <column index="10" sort="None" forcevisible="false" hidden="true" width="120" />
          <column index="11" sort="None" forcevisible="false" hidden="false" width="140" />
          <column index="12" sort="None" forcevisible="false" hidden="false" width="90" />
          <column index="13" sort="None" forcevisible="false" hidden="false" width="120" />
          <column index="14" sort="None" forcevisible="false" hidden="true" width="120" />
          <column index="15" sort="None" forcevisible="false" hidden="true" width="120" />
          <column index="16" sort="None" forcevisible="false" hidden="false" width="140" />
          <column index="17" sort="None" forcevisible="false" hidden="false" width="120" />
          <column index="18" sort="None" forcevisible="false" hidden="true" width="120" />
          <column index="19" sort="None" forcevisible="false" hidden="true" width="120" />
          <column index="20" sort="None" forcevisible="false" hidden="false" width="140" />
          <column index="21" sort="None" forcevisible="false" hidden="false" width="90" />
        </table>
      </datamodelconfig>
      <analyzerparameters analyzergrouping="sqlstatement" />
    </portletconfig>
    <portletconfig icon="com.dynatrace.diagnostics.sdk/default.gif" usespecificautorefresh="false" usedashboardsourceforcompare="true" folderid="org.eclipse.ui.internal.ViewStack@e29110" sessiontype="stored" displaymode="Base" usedashboardsource="true" sessionid="dynaChallenge/20100115101107_0.session" bgcolor="236,233,216,255" id="c4e02582-6266-487e-b058-367ea1772b20" addfilterinfo="false" source="server://grabs" description="" name="Methods" typeid="com.dynatrace.diagnostics.portlets.Method">
      <reportconfig lines.per.table="100" print.legends="true" enabled="true" levels.per.tree="10" override="false" print.images="true" reportposition="3" />
      <filter>
        <criterion type="timeframe">
          <timeframe start="0" type="Auto" end="9223372036854775807" />
        </criterion>
        <criterion enabled="false" filterbyid="false" type="threads" />
        <criterion type="purepaths" mode="all" />
        <criterion type="btm" />
        <criterion sort="highestValues" isactive="false" columnlabel="" maxnrofrecords="10" customdefaultcolumnindex="0" customdefaultcolumnlabel="" columnindex="0" type="topx" />
        <criterion excludeexternalsubpaths="false" type="api" mode="all" />
        <criterion type="webpage">
          <textpattern enabled="true" name="timerName" type="contains" />
          <textpattern enabled="true" name="pageContext" type="contains" />
        </criterion>
        <criterion excludeexternalsubpaths="false" type="agents" mode="all" />
        <criterion type="webrequest">
          <textpattern enabled="true" name="uri" type="contains" />
          <textpattern enabled="true" name="query" type="contains" />
        </criterion>
        <inheritancemap />
      </filter>
      <autorefreshconfig unit="MINUTES" enabled="false" time="5" />
      <sashconfig weights="1,1" displayoption="CHART_AND_TABLE" />
      <datamodelconfig>
        <table name="Methods" sortcolumn="0" viewmode="Aggregate into Packages" columnorder="0,1,2,3,4,5,6,7,8,9,10,11,12,13,14,15,16,17,18,19,20,21,22">
          <column index="0" sort="Up" forcevisible="false" hidden="false" width="300" />
          <column index="1" sort="None" forcevisible="false" hidden="false" width="18" />
          <column index="2" sort="None" forcevisible="false" hidden="false" width="55" />
          <column index="3" sort="None" forcevisible="false" hidden="false" width="140" />
          <column index="4" sort="None" forcevisible="false" hidden="false" width="65" />
          <column index="5" sort="None" forcevisible="false" hidden="false" width="130" />
          <column index="6" sort="None" forcevisible="false" hidden="false" width="100" />
          <column index="7" sort="None" forcevisible="false" hidden="true" width="100" />
          <column index="8" sort="None" forcevisible="false" hidden="true" width="100" />
          <column index="9" sort="None" forcevisible="false" hidden="false" width="100" />
          <column index="10" sort="None" forcevisible="false" hidden="false" width="80" />
          <column index="11" sort="None" forcevisible="false" hidden="false" width="120" />
          <column index="12" sort="None" forcevisible="false" hidden="true" width="120" />
          <column index="13" sort="None" forcevisible="false" hidden="true" width="120" />
          <column index="14" sort="None" forcevisible="false" hidden="false" width="120" />
          <column index="15" sort="None" forcevisible="false" hidden="false" width="120" />
          <column index="16" sort="None" forcevisible="false" hidden="true" width="120" />
          <column index="17" sort="None" forcevisible="false" hidden="true" width="120" />
          <column index="18" sort="None" forcevisible="false" hidden="false" width="120" />
          <column index="19" sort="None" forcevisible="false" hidden="false" width="120" />
          <column index="20" sort="None" forcevisible="false" hidden="true" width="120" />
          <column index="21" sort="None" forcevisible="false" hidden="true" width="120" />
          <column index="22" sort="None" forcevisible="false" hidden="false" width="120" />
        </table>
        <caller>
          <table name="Caller" sortcolumn="0" viewmode="Aggregate into Packages" columnorder="0,1,2,3,4,5,6,7,8,9,10,11,12,13,14,15,16,17,18,19,20,21,22">
            <column index="0" sort="Up" forcevisible="false" hidden="false" width="300" />
            <column index="1" sort="None" forcevisible="false" hidden="false" width="18" />
            <column index="2" sort="None" forcevisible="false" hidden="false" width="55" />
            <column index="3" sort="None" forcevisible="false" hidden="false" width="140" />
            <column index="4" sort="None" forcevisible="false" hidden="false" width="65" />
            <column index="5" sort="None" forcevisible="false" hidden="false" width="130" />
            <column index="6" sort="None" forcevisible="false" hidden="false" width="100" />
            <column index="7" sort="None" forcevisible="false" hidden="true" width="100" />
            <column index="8" sort="None" forcevisible="false" hidden="true" width="100" />
            <column index="9" sort="None" forcevisible="false" hidden="false" width="100" />
            <column index="10" sort="None" forcevisible="false" hidden="false" width="80" />
            <column index="11" sort="None" forcevisible="false" hidden="false" width="120" />
            <column index="12" sort="None" forcevisible="false" hidden="true" width="120" />
            <column index="13" sort="None" forcevisible="false" hidden="true" width="120" />
            <column index="14" sort="None" forcevisible="false" hidden="false" width="120" />
            <column index="15" sort="None" forcevisible="false" hidden="false" width="120" />
            <column index="16" sort="None" forcevisible="false" hidden="true" width="120" />
            <column index="17" sort="None" forcevisible="false" hidden="true" width="120" />
            <column index="18" sort="None" forcevisible="false" hidden="false" width="120" />
            <column index="19" sort="None" forcevisible="false" hidden="false" width="120" />
            <column index="20" sort="None" forcevisible="false" hidden="true" width="120" />
            <column index="21" sort="None" forcevisible="false" hidden="true" width="120" />
            <column index="22" sort="None" forcevisible="false" hidden="false" width="120" />
          </table>
        </caller>
        <callee>
          <table name="Callee" sortcolumn="0" viewmode="Aggregate into Packages" columnorder="0,1,2,3,4,5,6,7,8,9,10,11,12,13,14,15,16,17,18,19,20,21,22">
            <column index="0" sort="Up" forcevisible="false" hidden="false" width="300" />
            <column index="1" sort="None" forcevisible="false" hidden="false" width="18" />
            <column index="2" sort="None" forcevisible="false" hidden="false" width="55" />
            <column index="3" sort="None" forcevisible="false" hidden="false" width="140" />
            <column index="4" sort="None" forcevisible="false" hidden="false" width="65" />
            <column index="5" sort="None" forcevisible="false" hidden="false" width="130" />
            <column index="6" sort="None" forcevisible="false" hidden="false" width="100" />
            <column index="7" sort="None" forcevisible="false" hidden="true" width="100" />
            <column index="8" sort="None" forcevisible="false" hidden="true" width="100" />
            <column index="9" sort="None" forcevisible="false" hidden="false" width="100" />
            <column index="10" sort="None" forcevisible="false" hidden="false" width="80" />
            <column index="11" sort="None" forcevisible="false" hidden="false" width="120" />
            <column index="12" sort="None" forcevisible="false" hidden="true" width="120" />
            <column index="13" sort="None" forcevisible="false" hidden="true" width="120" />
            <column index="14" sort="None" forcevisible="false" hidden="false" width="120" />
            <column index="15" sort="None" forcevisible="false" hidden="false" width="120" />
            <column index="16" sort="None" forcevisible="false" hidden="true" width="120" />
            <column index="17" sort="None" forcevisible="false" hidden="true" width="120" />
            <column index="18" sort="None" forcevisible="false" hidden="false" width="120" />
            <column index="19" sort="None" forcevisible="false" hidden="false" width="120" />
            <column index="20" sort="None" forcevisible="false" hidden="true" width="120" />
            <column index="21" sort="None" forcevisible="false" hidden="true" width="120" />
            <column index="22" sort="None" forcevisible="false" hidden="false" width="120" />
          </table>
        </callee>
      </datamodelconfig>
      <ccontent enabled="first" ratio="0.666">
        <ccontent enabled="second" ratio="0.5" />
      </ccontent>
    </portletconfig>
    <portletconfig icon="com.dynatrace.diagnostics.sdk/default.gif" usespecificautorefresh="false" usedashboardsourceforcompare="true" folderid="org.eclipse.ui.internal.ViewStack@162fb55" sessiontype="stored" displaymode="Base" usedashboardsource="true" sessionid="dynaChallenge/20100115101107_0.session" bgcolor="236,233,216,255" id="1d1142b3-ef71-48d8-bc50-eb856cce8e6d" addfilterinfo="false" source="server://grabs" description="" name="Exceptions" typeid="com.dynatrace.diagnostics.portlets.exception.Exception">
      <reportconfig lines.per.table="100" print.legends="true" enabled="true" levels.per.tree="10" override="false" print.images="true" reportposition="0" />
      <filter>
        <criterion type="timeframe">
          <timeframe start="0" type="Auto" end="9223372036854775807" />
        </criterion>
        <criterion enabled="false" filterbyid="false" type="threads" />
        <criterion type="purepaths" mode="all" />
        <criterion type="btm" />
        <criterion sort="highestValues" isactive="false" columnlabel="" maxnrofrecords="10" customdefaultcolumnindex="0" customdefaultcolumnlabel="" columnindex="0" type="topx" />
        <criterion excludeexternalsubpaths="false" type="api" mode="all" />
        <criterion type="webpage">
          <textpattern enabled="true" name="timerName" type="contains" />
          <textpattern enabled="true" name="pageContext" type="contains" />
        </criterion>
        <criterion excludeexternalsubpaths="false" type="agents" mode="all" />
        <criterion type="webrequest">
          <textpattern enabled="true" name="uri" type="contains" />
          <textpattern enabled="true" name="query" type="contains" />
        </criterion>
        <inheritancemap />
      </filter>
      <autorefreshconfig unit="MINUTES" enabled="false" time="5" />
      <sashconfig weights="1,1" displayoption="CHART_AND_TABLE" />
      <datamodelconfig>
        <table name="Exceptions" sortcolumn="3" columnorder="0,1,2,3,4,5">
          <column index="0" sort="Up" forcevisible="false" hidden="false" width="130" />
          <column index="1" sort="None" forcevisible="false" hidden="false" width="200" />
          <column index="2" sort="None" forcevisible="false" hidden="false" width="130" />
          <column index="3" sort="Down" forcevisible="false" hidden="false" width="50" />
          <column index="4" sort="None" forcevisible="false" hidden="false" width="150" />
          <column index="5" sort="None" forcevisible="false" hidden="false" width="150" />
        </table>
      </datamodelconfig>
      <analyzerparameters analyzergrouping="throwableClassMessage" />
    </portletconfig>
    <portletconfig icon="com.dynatrace.diagnostics.sdk/default.gif" usespecificautorefresh="false" usedashboardsourceforcompare="true" hotspotslayout="75,25" folderid="org.eclipse.ui.internal.ViewStack@e9f026" sessiontype="stored" displaymode="Base" usedashboardsource="true" sessionid="dynaChallenge/20100115101107_0.session" bgcolor="236,233,216,255" detailslayout="50,50" id="6eb3d531-e126-4df7-9523-7b5772581516" addfilterinfo="false" source="server://grabs" description="" name="PurePaths" typeid="com.dynatrace.diagnostics.portlets.purepath.PurePath">
      <reportconfig lines.per.table="100" print.legends="true" enabled="true" levels.per.tree="10" override="false" print.images="true" reportposition="1" />
      <filter>
        <criterion type="timeframe">
          <timeframe start="0" type="Auto" end="9223372036854775807" />
        </criterion>
        <criterion enabled="false" filterbyid="false" type="threads" />
        <criterion type="purepaths" mode="all" />
        <criterion type="btm" />
        <criterion sort="highestValues" isactive="false" columnlabel="" maxnrofrecords="10" customdefaultcolumnindex="0" customdefaultcolumnlabel="" columnindex="0" type="topx" />
        <criterion excludeexternalsubpaths="false" type="api" mode="all" />
        <criterion type="webpage">
          <textpattern enabled="true" name="timerName" type="contains" />
          <textpattern enabled="true" name="pageContext" type="contains" />
        </criterion>
        <criterion excludeexternalsubpaths="false" type="agents" mode="all" />
        <criterion type="webrequest">
          <textpattern enabled="true" name="uri" type="contains" />
          <textpattern enabled="true" name="query" type="contains" />
        </criterion>
        <inheritancemap />
      </filter>
      <autorefreshconfig unit="MINUTES" enabled="false" time="5" />
      <sashconfig weights="1,1" displayoption="CHART_AND_TABLE" />
      <datamodelconfig>
        <table name="PurePath" sortcolumn="11" columnorder="0,1,2,3,4,5,6,7,8,9,10,11,12,13">
          <column index="0" sort="None" forcevisible="false" hidden="false" width="20" />
          <column index="1" sort="None" forcevisible="false" hidden="false" width="300" />
          <column index="2" sort="None" forcevisible="false" hidden="true" width="200" />
          <column index="3" sort="None" forcevisible="false" hidden="false" width="140" />
          <column index="4" sort="None" forcevisible="false" hidden="false" width="80" />
          <column index="5" sort="None" forcevisible="false" hidden="false" width="150" />
          <column index="6" sort="None" forcevisible="false" hidden="false" width="150" />
          <column index="7" sort="None" forcevisible="false" hidden="false" width="150" />
          <column index="8" sort="None" forcevisible="false" hidden="false" width="150" />
          <column index="9" sort="None" forcevisible="false" hidden="false" width="150" />
          <column index="10" sort="None" forcevisible="false" hidden="false" width="150" />
          <column index="11" sort="Down" forcevisible="false" hidden="false" width="150" />
          <column index="12" sort="None" forcevisible="false" hidden="false" width="80" />
          <column index="13" sort="None" forcevisible="false" hidden="false" width="100" />
        </table>
        <table name="PurePath Contributors" sortcolumn="9" columnorder="0,1,2,3,4,5,6,7,8,9,10,11,12,13,14,15,16,17,18,19,20,21,22,23,24,25,26,27,28,29">
          <column index="0" sort="None" forcevisible="false" hidden="false" width="20" />
          <column index="1" sort="None" forcevisible="false" hidden="false" width="230" />
          <column index="2" sort="None" forcevisible="false" hidden="false" width="120" />
          <column index="3" sort="None" forcevisible="false" hidden="false" width="120" />
          <column index="4" sort="None" forcevisible="false" hidden="false" width="120" />
          <column index="5" sort="None" forcevisible="false" hidden="false" width="120" />
          <column index="6" sort="None" forcevisible="false" hidden="false" width="80" />
          <column index="7" sort="None" forcevisible="false" hidden="false" width="110" />
          <column index="8" sort="None" forcevisible="false" hidden="false" width="110" />
          <column index="9" sort="Down" forcevisible="false" hidden="false" width="80" />
          <column index="10" sort="None" forcevisible="false" hidden="false" width="110" />
          <column index="11" sort="None" forcevisible="false" hidden="false" width="110" />
          <column index="12" sort="None" forcevisible="false" hidden="false" width="80" />
          <column index="13" sort="None" forcevisible="false" hidden="false" width="110" />
          <column index="14" sort="None" forcevisible="false" hidden="false" width="110" />
          <column index="15" sort="None" forcevisible="false" hidden="false" width="110" />
          <column index="16" sort="None" forcevisible="false" hidden="false" width="110" />
          <column index="17" sort="None" forcevisible="false" hidden="false" width="110" />
          <column index="18" sort="None" forcevisible="false" hidden="false" width="110" />
          <column index="19" sort="None" forcevisible="false" hidden="false" width="110" />
          <column index="20" sort="None" forcevisible="false" hidden="false" width="110" />
          <column index="21" sort="None" forcevisible="false" hidden="false" width="110" />
          <column index="22" sort="None" forcevisible="false" hidden="false" width="110" />
          <column index="23" sort="None" forcevisible="false" hidden="false" width="110" />
          <column index="24" sort="None" forcevisible="false" hidden="false" width="110" />
          <column index="25" sort="None" forcevisible="false" hidden="false" width="120" />
          <column index="26" sort="None" forcevisible="false" hidden="false" width="70" />
          <column index="27" sort="None" forcevisible="false" hidden="true" width="70" />
          <column index="28" sort="None" forcevisible="false" hidden="true" width="70" />
          <column index="29" sort="None" forcevisible="false" hidden="true" width="70" />
        </table>
        <table name="PurePath Execution Tree" sortcolumn="8" columnorder="0,1,2,3,4,5,6,7,8,9,10,11,12,13,14,15,16,17,18,19,20,21,22,23,24,25,26,27,28,29">
          <column index="0" sort="None" forcevisible="false" hidden="false" width="230" />
          <column index="1" sort="None" forcevisible="false" hidden="false" width="120" />
          <column index="2" sort="None" forcevisible="false" hidden="false" width="120" />
          <column index="3" sort="None" forcevisible="false" hidden="false" width="120" />
          <column index="4" sort="None" forcevisible="false" hidden="false" width="120" />
          <column index="5" sort="None" forcevisible="false" hidden="false" width="80" />
          <column index="6" sort="None" forcevisible="false" hidden="false" width="110" />
          <column index="7" sort="None" forcevisible="false" hidden="false" width="110" />
          <column index="8" sort="None" forcevisible="false" hidden="false" width="80" />
          <column index="9" sort="None" forcevisible="false" hidden="false" width="110" />
          <column index="10" sort="None" forcevisible="false" hidden="false" width="110" />
          <column index="11" sort="None" forcevisible="false" hidden="false" width="80" />
          <column index="12" sort="None" forcevisible="false" hidden="false" width="110" />
          <column index="13" sort="None" forcevisible="false" hidden="false" width="110" />
          <column index="14" sort="None" forcevisible="false" hidden="false" width="110" />
          <column index="15" sort="None" forcevisible="false" hidden="false" width="110" />
          <column index="16" sort="None" forcevisible="false" hidden="false" width="110" />
          <column index="17" sort="None" forcevisible="false" hidden="false" width="110" />
          <column index="18" sort="None" forcevisible="false" hidden="false" width="110" />
          <column index="19" sort="None" forcevisible="false" hidden="false" width="110" />
          <column index="20" sort="None" forcevisible="false" hidden="false" width="110" />
          <column index="21" sort="None" forcevisible="false" hidden="false" width="110" />
          <column index="22" sort="None" forcevisible="false" hidden="false" width="110" />
          <column index="23" sort="None" forcevisible="false" hidden="false" width="110" />
          <column index="24" sort="None" forcevisible="false" hidden="false" width="120" />
          <column index="25" sort="None" forcevisible="false" hidden="false" width="70" />
          <column index="26" sort="None" forcevisible="false" hidden="true" width="70" />
          <column index="27" sort="None" forcevisible="false" hidden="true" width="70" />
          <column index="28" sort="None" forcevisible="false" hidden="true" width="70" />
          <column index="29" sort="None" forcevisible="false" hidden="true" width="70" />
        </table>
      </datamodelconfig>
      <chart axis.y.show="true" orientation="Horizontal" legendposition="Right" zoomable="false" showtooltips="false" charttype="PieChart" axis.y.title.show="false" resolution="Auto" axis.x.show="true" yaxisalignment="0" splitcharts="false" bounds.y.enabled="false" axis.x.title.show="false" logxaxis="false" showlegend="true" showtitle="true" showvalues="false">
        <legendcomposition min="false" aggregationfromseries="false" scale="false" host="false" max="false" measure="true" count="false" last="false" sum="false" agent="false" aggregation="false" unit="false" avg="false" />
        <splitconfig splitmode="PerSeries" splitlayout="Horizontal" />
      </chart>
      <visualizationconfig agentsymbolimagesize="64" agentlabelfontsize="10">
        <visualdata zoom="1.0" sessionid="dynaChallenge/20100115101107_0.session">
          <layouts sessionid="dynaChallenge/20100115101107_0.session">
            <grouplayout>
              <layout id="dynaChallenge" height="140" posy="0" width="98" posx="0" />
            </grouplayout>
            <agentlayout>
              <layout id="dynaChallenge:dynaChallenge" height="64" posy="29" width="64" posx="0" />
            </agentlayout>
          </layouts>
          <layouts sessionid="dynaChallenge/20100114110608_0.session">
            <grouplayout>
              <layout id="dynaChallenge" height="140" posy="0" width="98" posx="0" />
            </grouplayout>
            <agentlayout>
              <layout id="dynaChallenge:dynaChallenge" height="64" posy="29" width="64" posx="0" />
            </agentlayout>
          </layouts>
          <layouts sessionid="dynaChallenge">
            <grouplayout>
              <layout id="dynaChallenge" height="140" posy="0" width="207" posx="0" />
            </grouplayout>
            <agentlayout>
              <layout id="dynaChallenge:dynaChallenge" height="64" posy="29" width="64" posx="0" />
            </agentlayout>
          </layouts>
        </visualdata>
      </visualizationconfig>
      <purepathviewconfiguration horizontalrulervisible="false" valuerenderset="APIColoring" mincellheight="3" pathstructurevisible="false" legendvisible="true" usecellmapping="true" verticalrulervisible="false" hierarchyrenderertype="None" mappingtype="Value" displayvalue="Exec" />
    </portletconfig>
    <portletconfig icon="com.dynatrace.diagnostics.sdk/default.gif" usespecificautorefresh="false" usedashboardsourceforcompare="true" folderid="org.eclipse.ui.internal.ViewStack@1c686c2" sessiontype="stored" displaymode="Base" usedashboardsource="true" sessionid="dynaChallenge/20100115101107_0.session" bgcolor="236,233,216,255" id="0849dee8-203d-4474-afef-f94c7d013c70" addfilterinfo="false" source="server://grabs" description="" name="API Breakdown" typeid="com.dynatrace.diagnostics.portlets.api.Api">
      <reportconfig lines.per.table="100" print.legends="true" enabled="true" levels.per.tree="10" override="false" print.images="true" reportposition="4" />
      <filter>
        <criterion type="timeframe">
          <timeframe start="0" type="Auto" end="9223372036854775807" />
        </criterion>
        <criterion enabled="false" filterbyid="false" type="threads" />
        <criterion type="purepaths" mode="all" />
        <criterion type="btm" />
        <criterion sort="highestValues" isactive="false" columnlabel="" maxnrofrecords="10" customdefaultcolumnindex="0" customdefaultcolumnlabel="" columnindex="0" type="topx" />
        <criterion excludeexternalsubpaths="false" type="api" mode="all" />
        <criterion type="webpage">
          <textpattern enabled="true" name="timerName" type="contains" />
          <textpattern enabled="true" name="pageContext" type="contains" />
        </criterion>
        <criterion excludeexternalsubpaths="false" type="agents" mode="all" />
        <criterion type="webrequest">
          <textpattern enabled="true" name="uri" type="contains" />
          <textpattern enabled="true" name="query" type="contains" />
        </criterion>
        <inheritancemap />
      </filter>
      <autorefreshconfig unit="MINUTES" enabled="false" time="5" />
      <sashconfig weights="500,500" displayoption="CHART_AND_TABLE" />
      <datamodelconfig>
        <table name="API" sortcolumn="4" columnorder="0,1,2,3,4,5,6,7,8,9,10,11,12,13,14,15,16">
          <column index="0" sort="None" forcevisible="false" hidden="false" width="100" />
          <column index="1" sort="None" forcevisible="false" hidden="false" width="100" />
          <column index="2" sort="None" forcevisible="false" hidden="true" width="100" />
          <column index="3" sort="None" forcevisible="false" hidden="true" width="100" />
          <column index="4" sort="Down" forcevisible="false" hidden="false" width="100" />
          <column index="5" sort="None" forcevisible="false" hidden="false" width="120" />
          <column index="6" sort="None" forcevisible="false" hidden="true" width="120" />
          <column index="7" sort="None" forcevisible="false" hidden="true" width="120" />
          <column index="8" sort="None" forcevisible="false" hidden="false" width="120" />
          <column index="9" sort="None" forcevisible="false" hidden="false" width="120" />
          <column index="10" sort="None" forcevisible="false" hidden="true" width="120" />
          <column index="11" sort="None" forcevisible="false" hidden="true" width="120" />
          <column index="12" sort="None" forcevisible="false" hidden="false" width="120" />
          <column index="13" sort="None" forcevisible="false" hidden="false" width="120" />
          <column index="14" sort="None" forcevisible="false" hidden="true" width="120" />
          <column index="15" sort="None" forcevisible="false" hidden="true" width="120" />
          <column index="16" sort="None" forcevisible="false" hidden="false" width="120" />
        </table>
      </datamodelconfig>
      <chart axis.y.show="true" subchartweights="200" orientation="Horizontal" legendposition="Bottom" zoomable="false" showtooltips="false" charttype="PieChart" axis.y.title.show="false" resolution="Auto" axis.x.show="true" title="Exec Sum [ms]" yaxisalignment="0" splitcharts="false" bounds.y.enabled="false" axis.x.title.show="false" logxaxis="false" showlegend="false" showtitle="true" showvalues="false">
        <legendcomposition min="false" aggregationfromseries="false" scale="false" host="false" max="false" measure="true" count="false" last="false" sum="false" agent="false" aggregation="false" unit="false" avg="false" />
        <chartsource position="1" scale="0" visible="true" dynamicconfig="false" aggregationtype="Avg" autounit="false" uiunit="none" fetchmeasurecolor="true" id="8965a291-ed0e-3487-8298-e1c35d61a10d" displayrate="10s" unit="none" systemid="" overridesource="false" rate="10s" ratesupported="false" name="JUnit" sourcecolor="RGB(222,195,33,255)" measuretype="Measure" sourcetype="MEASURE" fetchthreshold="false" fetch.dynamic.measures="false" autoscale="false">
          <lightweightuniquemeasureidentifier keyid="" metricgroupkey="" collector="" systemid="" agenthost="" parentkeyid="" metrickeyid="" agentname="" />
          <displaysourceinfo />
        </chartsource>
        <chartsource position="2" scale="0" visible="true" dynamicconfig="false" aggregationtype="Avg" autounit="false" uiunit="none" fetchmeasurecolor="true" id="6b005947-6149-3007-bc04-0b991cd8ef6e" displayrate="10s" unit="none" systemid="" overridesource="false" rate="10s" ratesupported="false" name="WebHandler" sourcecolor="RGB(35,20,133,255)" measuretype="Measure" sourcetype="MEASURE" fetchthreshold="false" fetch.dynamic.measures="false" autoscale="false">
          <lightweightuniquemeasureidentifier keyid="" metricgroupkey="" collector="" systemid="" agenthost="" parentkeyid="" metrickeyid="" agentname="" />
          <displaysourceinfo />
        </chartsource>
        <chartsource position="3" scale="0" visible="true" dynamicconfig="false" aggregationtype="Avg" autounit="false" uiunit="none" fetchmeasurecolor="true" id="148619be-1531-35b8-837f-4b6a93215128" displayrate="10s" unit="none" systemid="" overridesource="false" rate="10s" ratesupported="false" name="Tracing" sourcecolor="RGB(147,177,27,255)" measuretype="Measure" sourcetype="MEASURE" fetchthreshold="false" fetch.dynamic.measures="false" autoscale="false">
          <lightweightuniquemeasureidentifier keyid="" metricgroupkey="" collector="" systemid="" agenthost="" parentkeyid="" metrickeyid="" agentname="" />
          <displaysourceinfo />
        </chartsource>
        <splitconfig splitmode="AgentGroup" splitlayout="Horizontal" />
      </chart>
    </portletconfig>
    <portletconfig com.dynatrace.diagnostics.portlets.text.textportletconfig.backgroundstyle="topLeft" icon="com.dynatrace.diagnostics.sdk/default.gif" usespecificautorefresh="false" usedashboardsourceforcompare="true" folderid="leftFolder" com.dynatrace.diagnostics.portlets.text.textportletconfig.wallpapercolor="RGB(255,255,255,255)" usedashboardsource="true" bgcolor="236,233,216,255" id="593a101e-60a8-48e0-a155-e38b53efb541" addfilterinfo="false" source="server://grabs" invertcolors="true" com.dynatrace.diagnostics.portlets.text.textportletconfig.alignment="LEFT" com.dynatrace.diagnostics.portlets.text.textportletconfig.text="Unit Test Dashboard for Architecture Validation" description="" name="Text" typeid="com.dynatrace.diagnostics.portlets.text.Text" com.dynatrace.diagnostics.portlets.text.textportletconfig.defaultforegroundcolor="RGB(0,0,0,255)">
      <reportconfig lines.per.table="100" print.legends="true" enabled="true" levels.per.tree="10" override="false" print.images="true" reportposition="5" />
      <filter>
        <inheritancemap />
      </filter>
      <autorefreshconfig unit="MINUTES" enabled="false" time="5" />
      <sashconfig weights="1,1" displayoption="CHART_AND_TABLE" />
      <font height="12" style="NORMAL" name="Arial" />
    </portletconfig>
  </dashboardconfig>
</dynatrace>

