<?xml version="1.0" encoding="UTF-8"?>
<dynatrace version="3.1.1.1837" date="15.01.10 12:08">
  <dashboardconfig memento.version="3.1.1.1837" id="84b18dc6-ce76-4f9c-a830-92521d339e0a" revision="00000126-32f4-e713-822b-61e1cf7b1ed6" icon="com.dynatrace.diagnostics.sdk/default.gif" source="server://grabs" sessiontype="stored" description="" name="TransactionDashboard" opendrilldowninnewdashboard="false" sessionid="dynaChallenge/20100115101107_0.session" bgcolor="255,255,255,255" mode="EDIT">
    <reportconfig lines.per.table="100" orientation="portrait" print.legends="true" enabled="true" title="" description="" levels.per.tree="10" override="false" print.images="true" type="PDF" />
    <filter>
      <criterion type="timeframe">
        <timeframe start="0" type="Auto" end="9223372036854775807" />
      </criterion>
      <criterion enabled="false" filterbyid="false" type="threads" />
      <criterion type="purepaths" mode="all" />
      <criterion type="btm" />
      <criterion excludeexternalsubpaths="false" type="api" mode="all" />
      <criterion type="webpage">
        <textpattern enabled="true" name="timerName" type="contains" />
        <textpattern enabled="true" name="pageContext" type="contains" />
      </criterion>
      <criterion excludeexternalsubpaths="false" type="agents" mode="all" />
      <criterion type="webrequest">
        <textpattern enabled="true" name="uri" type="contains" />
        <textpattern enabled="true" name="query" type="contains" />
      </criterion>
    </filter>
    <autorefreshconfig unit="MINUTES" enabled="false" time="5" />
    <dashboardlayout>
      <portletfolder relationtype="LEFT" portletdecorationvisible="false" ratio="0.95" folderid="leftFolder" selectionindex="0" relatedfolderid="DashboardLayout.blankArea" portletconfigorder="68052796-10df-4fae-9f57-ca4ea0d96cd4" />
      <portletfolder relationtype="BOTTOM" ratio="0.047021944" folderid="org.eclipse.ui.internal.ViewStack@83117a" selectionindex="0" relatedfolderid="leftFolder" portletconfigorder="fffa4403-4bad-4465-af0d-d39fdb6bb32d" />
    </dashboardlayout>
    <portletconfig com.dynatrace.diagnostics.portlets.text.textportletconfig.backgroundstyle="topLeft" icon="com.dynatrace.diagnostics.sdk/default.gif" usespecificautorefresh="false" usedashboardsourceforcompare="true" folderid="leftFolder" com.dynatrace.diagnostics.portlets.text.textportletconfig.wallpapercolor="RGB(255,255,255,255)" usedashboardsource="true" bgcolor="236,233,216,255" id="68052796-10df-4fae-9f57-ca4ea0d96cd4" addfilterinfo="false" source="server://grabs" invertcolors="true" com.dynatrace.diagnostics.portlets.text.textportletconfig.alignment="LEFT" com.dynatrace.diagnostics.portlets.text.textportletconfig.text="Dashboard that shows all transactions" description="" name="Text" typeid="com.dynatrace.diagnostics.portlets.text.Text" com.dynatrace.diagnostics.portlets.text.textportletconfig.defaultforegroundcolor="RGB(0,0,0,255)">
      <reportconfig lines.per.table="100" print.legends="true" enabled="true" levels.per.tree="10" override="false" print.images="true" reportposition="1" />
      <filter>
        <inheritancemap />
      </filter>
      <autorefreshconfig unit="MINUTES" enabled="false" time="5" />
      <sashconfig weights="1,1" displayoption="CHART_AND_TABLE" />
      <font height="12" style="NORMAL" name="Arial" />
    </portletconfig>
    <portletconfig icon="com.dynatrace.diagnostics.sdk/default.gif" usespecificautorefresh="false" usedashboardsourceforcompare="true" folderid="org.eclipse.ui.internal.ViewStack@83117a" sessiontype="stored" displaymode="Base" usedashboardsource="true" sessionid="dynaChallenge/20100115101107_0.session" bgcolor="236,233,216,255" id="fffa4403-4bad-4465-af0d-d39fdb6bb32d" addfilterinfo="false" source="server://grabs" description="" name="Business Transactions" typeid="com.dynatrace.diagnostics.portlets.transaction.Transaction">
      <reportconfig lines.per.table="100" print.legends="true" enabled="true" levels.per.tree="10" override="false" print.images="true" reportposition="0" />
      <filter>
        <criterion type="timeframe">
          <timeframe start="0" type="Auto" end="9223372036854775807" />
        </criterion>
        <criterion enabled="false" filterbyid="false" type="threads" />
        <criterion type="purepaths" mode="all" />
        <criterion type="btm" />
        <criterion sort="highestValues" isactive="false" columnlabel="" maxnrofrecords="10" customdefaultcolumnindex="0" customdefaultcolumnlabel="" columnindex="0" type="topx" />
        <criterion excludeexternalsubpaths="false" type="api" mode="all" />
        <criterion type="webpage">
          <textpattern enabled="true" name="timerName" type="contains" />
          <textpattern enabled="true" name="pageContext" type="contains" />
        </criterion>
        <criterion excludeexternalsubpaths="false" type="agents" mode="all" />
        <criterion type="webrequest">
          <textpattern enabled="true" name="uri" type="contains" />
          <textpattern enabled="true" name="query" type="contains" />
        </criterion>
        <inheritancemap />
      </filter>
      <autorefreshconfig unit="MINUTES" enabled="false" time="5" />
      <sashconfig weights="500,500" displayoption="CHART_AND_TABLE" />
      <datamodelconfig>
        <table name="transaction" sortcolumn="2" columnorder="2,0,1,3,4,5,6,7,8,9,10,11,12,13,14,15,16">
          <column index="0" sort="None" forcevisible="false" hidden="true" width="160" />
          <column index="1" sort="None" forcevisible="false" hidden="true" width="160" />
          <column index="2" sort="Up" forcevisible="false" hidden="false" width="132" />
          <column index="3" sort="Down" forcevisible="false" hidden="true" width="100" />
          <column index="4" sort="None" forcevisible="false" hidden="true" width="130" />
          <column index="5" sort="None" forcevisible="false" hidden="true" width="130" />
          <column index="6" sort="None" forcevisible="false" hidden="true" width="130" />
          <column index="7" sort="None" forcevisible="false" hidden="true" width="130" />
          <column index="8" sort="None" forcevisible="false" hidden="true" width="130" />
          <column index="9" sort="None" forcevisible="false" hidden="true" width="130" />
          <column index="10" sort="None" forcevisible="false" hidden="true" width="130" />
          <column index="11" sort="None" forcevisible="false" hidden="true" width="130" />
          <column index="12" sort="None" forcevisible="false" hidden="true" width="160" />
          <column index="13" sort="None" forcevisible="false" hidden="true" width="130" />
          <column index="14" sort="None" forcevisible="false" hidden="true" width="130" />
          <column index="15" sort="None" forcevisible="false" hidden="true" width="130" />
          <column index="16" sort="None" forcevisible="false" hidden="true" width="130" />
        </table>
      </datamodelconfig>
      <analyzerparameters transaction="ByTraceName" />
      <chart axis.y.show="true" subchartweights="200" orientation="Horizontal" legendposition="Bottom" zoomable="false" showtooltips="false" charttype="PieChart" axis.y.title.show="false" resolution="Auto" axis.x.show="true" title="Group" yaxisalignment="0" splitcharts="false" bounds.y.enabled="false" axis.x.title.show="false" logxaxis="false" showlegend="false" showtitle="true" showvalues="false">
        <legendcomposition min="false" aggregationfromseries="false" scale="false" host="false" max="false" measure="true" count="false" last="false" sum="false" agent="false" aggregation="false" unit="false" avg="false" />
        <chartsource position="1" scale="0" visible="true" dynamicconfig="false" aggregationtype="Avg" autounit="false" uiunit="none" fetchmeasurecolor="true" id="08715c0a-bfee-3051-97ec-b912612b1b3c" displayrate="10s" unit="none" systemid="" overridesource="false" rate="10s" ratesupported="false" name="ByTraceName (NA=Detail)" sourcecolor="RGB(77,187,229,255)" measuretype="Measure" sourcetype="MEASURE" fetchthreshold="false" fetch.dynamic.measures="false" autoscale="false">
          <lightweightuniquemeasureidentifier keyid="" metricgroupkey="" collector="" systemid="" agenthost="" parentkeyid="" metrickeyid="" agentname="" />
          <displaysourceinfo />
        </chartsource>
        <chartsource position="2" scale="0" visible="true" dynamicconfig="false" aggregationtype="Avg" autounit="false" uiunit="none" fetchmeasurecolor="true" id="4194a4af-1aae-38db-aa3c-0d3a71259fae" displayrate="10s" unit="none" systemid="" overridesource="false" rate="10s" ratesupported="false" name="ByTraceName (NA=Home)" sourcecolor="RGB(58,33,222,255)" measuretype="Measure" sourcetype="MEASURE" fetchthreshold="false" fetch.dynamic.measures="false" autoscale="false">
          <lightweightuniquemeasureidentifier keyid="" metricgroupkey="" collector="" systemid="" agenthost="" parentkeyid="" metrickeyid="" agentname="" />
          <displaysourceinfo />
        </chartsource>
        <chartsource position="3" scale="0" visible="true" dynamicconfig="false" aggregationtype="Avg" autounit="false" uiunit="none" fetchmeasurecolor="true" id="9b38952c-85b5-34f7-b45e-3216dfdaa5d6" displayrate="10s" unit="none" systemid="" overridesource="false" rate="10s" ratesupported="false" name="ByTraceName (NA=PrioritySearch)" sourcecolor="RGB(133,20,20,255)" measuretype="Measure" sourcetype="MEASURE" fetchthreshold="false" fetch.dynamic.measures="false" autoscale="false">
          <lightweightuniquemeasureidentifier keyid="" metricgroupkey="" collector="" systemid="" agenthost="" parentkeyid="" metrickeyid="" agentname="" />
          <displaysourceinfo />
        </chartsource>
        <chartsource position="4" scale="0" visible="true" dynamicconfig="false" aggregationtype="Avg" autounit="false" uiunit="none" fetchmeasurecolor="true" id="a9aed13b-66f8-38e3-8937-03a5bcabe256" displayrate="10s" unit="none" systemid="" overridesource="false" rate="10s" ratesupported="false" name="ByTraceName (NA=Search)" sourcecolor="RGB(242,209,166,255)" measuretype="Measure" sourcetype="MEASURE" fetchthreshold="false" fetch.dynamic.measures="false" autoscale="false">
          <lightweightuniquemeasureidentifier keyid="" metricgroupkey="" collector="" systemid="" agenthost="" parentkeyid="" metrickeyid="" agentname="" />
          <displaysourceinfo />
        </chartsource>
        <chartsource position="5" scale="0" visible="true" dynamicconfig="false" aggregationtype="Avg" autounit="false" uiunit="none" fetchmeasurecolor="true" id="4491c984-4679-3d0b-8df5-586b9b2b883f" displayrate="10s" unit="none" systemid="" overridesource="false" rate="10s" ratesupported="false" name="ByTraceName (testCachedValue)" sourcecolor="RGB(122,235,208,255)" measuretype="Measure" sourcetype="MEASURE" fetchthreshold="false" fetch.dynamic.measures="false" autoscale="false">
          <lightweightuniquemeasureidentifier keyid="" metricgroupkey="" collector="" systemid="" agenthost="" parentkeyid="" metrickeyid="" agentname="" />
          <displaysourceinfo />
        </chartsource>
        <chartsource position="6" scale="0" visible="true" dynamicconfig="false" aggregationtype="Avg" autounit="false" uiunit="none" fetchmeasurecolor="true" id="8ee6e30a-a60a-3154-9136-dfece16f2c23" displayrate="10s" unit="none" systemid="" overridesource="false" rate="10s" ratesupported="false" name="ByTraceName (testCDTrackHandler)" sourcecolor="RGB(178,134,26,255)" measuretype="Measure" sourcetype="MEASURE" fetchthreshold="false" fetch.dynamic.measures="false" autoscale="false">
          <lightweightuniquemeasureidentifier keyid="" metricgroupkey="" collector="" systemid="" agenthost="" parentkeyid="" metrickeyid="" agentname="" />
          <displaysourceinfo />
        </chartsource>
        <chartsource position="7" scale="0" visible="true" dynamicconfig="false" aggregationtype="Avg" autounit="false" uiunit="none" fetchmeasurecolor="true" id="dfdf6e6f-22a1-37f0-861f-51b7213e3707" displayrate="10s" unit="none" systemid="" overridesource="false" rate="10s" ratesupported="false" name="ByTraceName (testDirectCacheValue)" sourcecolor="RGB(89,47,13,255)" measuretype="Measure" sourcetype="MEASURE" fetchthreshold="false" fetch.dynamic.measures="false" autoscale="false">
          <lightweightuniquemeasureidentifier keyid="" metricgroupkey="" collector="" systemid="" agenthost="" parentkeyid="" metrickeyid="" agentname="" />
          <displaysourceinfo />
        </chartsource>
        <chartsource position="8" scale="0" visible="true" dynamicconfig="false" aggregationtype="Avg" autounit="false" uiunit="none" fetchmeasurecolor="true" id="56314332-a799-3d53-8142-42ec3206828b" displayrate="10s" unit="none" systemid="" overridesource="false" rate="10s" ratesupported="false" name="ByTraceName (testHomeHandler)" sourcecolor="RGB(122,182,235,255)" measuretype="Measure" sourcetype="MEASURE" fetchthreshold="false" fetch.dynamic.measures="false" autoscale="false">
          <lightweightuniquemeasureidentifier keyid="" metricgroupkey="" collector="" systemid="" agenthost="" parentkeyid="" metrickeyid="" agentname="" />
          <displaysourceinfo />
        </chartsource>
        <chartsource position="9" scale="0" visible="true" dynamicconfig="false" aggregationtype="Avg" autounit="false" uiunit="none" fetchmeasurecolor="true" id="750b8a13-2ad7-34f5-9387-c44c5057624c" displayrate="10s" unit="none" systemid="" overridesource="false" rate="10s" ratesupported="false" name="ByTraceName (testPrioritySearchHandler)" sourcecolor="RGB(184,222,33,255)" measuretype="Measure" sourcetype="MEASURE" fetchthreshold="false" fetch.dynamic.measures="false" autoscale="false">
          <lightweightuniquemeasureidentifier keyid="" metricgroupkey="" collector="" systemid="" agenthost="" parentkeyid="" metrickeyid="" agentname="" />
          <displaysourceinfo />
        </chartsource>
        <chartsource position="10" scale="0" visible="true" dynamicconfig="false" aggregationtype="Avg" autounit="false" uiunit="none" fetchmeasurecolor="true" id="9e1daecb-f49b-3f17-b040-8705268f2fbe" displayrate="10s" unit="none" systemid="" overridesource="false" rate="10s" ratesupported="false" name="ByTraceName (testSearchHandler)" sourcecolor="RGB(89,13,45,255)" measuretype="Measure" sourcetype="MEASURE" fetchthreshold="false" fetch.dynamic.measures="false" autoscale="false">
          <lightweightuniquemeasureidentifier keyid="" metricgroupkey="" collector="" systemid="" agenthost="" parentkeyid="" metrickeyid="" agentname="" />
          <displaysourceinfo />
        </chartsource>
        <chartsource position="11" scale="0" visible="true" dynamicconfig="false" aggregationtype="Avg" autounit="false" uiunit="none" fetchmeasurecolor="true" id="a7ba5b4f-be13-3270-9e66-0acb27aa66f9" displayrate="10s" unit="none" systemid="" overridesource="false" rate="10s" ratesupported="false" name="ByTraceName (testTrackListService)" sourcecolor="RGB(20,102,133,255)" measuretype="Measure" sourcetype="MEASURE" fetchthreshold="false" fetch.dynamic.measures="false" autoscale="false">
          <lightweightuniquemeasureidentifier keyid="" metricgroupkey="" collector="" systemid="" agenthost="" parentkeyid="" metrickeyid="" agentname="" />
          <displaysourceinfo />
        </chartsource>
        <chartsource position="12" scale="0" visible="true" dynamicconfig="false" aggregationtype="Avg" autounit="false" uiunit="none" fetchmeasurecolor="true" id="b35c04cb-5aad-3165-8942-80bce66297b9" displayrate="10s" unit="none" systemid="" overridesource="false" rate="10s" ratesupported="false" name="ByTraceName (VU=1;NA=Details)" sourcecolor="RGB(89,78,13,255)" measuretype="Measure" sourcetype="MEASURE" fetchthreshold="false" fetch.dynamic.measures="false" autoscale="false">
          <lightweightuniquemeasureidentifier keyid="" metricgroupkey="" collector="" systemid="" agenthost="" parentkeyid="" metrickeyid="" agentname="" />
          <displaysourceinfo />
        </chartsource>
        <chartsource position="13" scale="0" visible="true" dynamicconfig="false" aggregationtype="Avg" autounit="false" uiunit="none" fetchmeasurecolor="true" id="07357d21-0dde-3efe-be56-46dbd957a7e8" displayrate="10s" unit="none" systemid="" overridesource="false" rate="10s" ratesupported="false" name="ByTraceName (VU=1;NA=Home)" sourcecolor="RGB(59,13,89,255)" measuretype="Measure" sourcetype="MEASURE" fetchthreshold="false" fetch.dynamic.measures="false" autoscale="false">
          <lightweightuniquemeasureidentifier keyid="" metricgroupkey="" collector="" systemid="" agenthost="" parentkeyid="" metrickeyid="" agentname="" />
          <displaysourceinfo />
        </chartsource>
        <chartsource position="14" scale="0" visible="true" dynamicconfig="false" aggregationtype="Avg" autounit="false" uiunit="none" fetchmeasurecolor="true" id="572c1a8e-7284-36ec-909f-4e8bd020035a" displayrate="10s" unit="none" systemid="" overridesource="false" rate="10s" ratesupported="false" name="ByTraceName (VU=1;NA=Priority)" sourcecolor="RGB(176,166,242,255)" measuretype="Measure" sourcetype="MEASURE" fetchthreshold="false" fetch.dynamic.measures="false" autoscale="false">
          <lightweightuniquemeasureidentifier keyid="" metricgroupkey="" collector="" systemid="" agenthost="" parentkeyid="" metrickeyid="" agentname="" />
          <displaysourceinfo />
        </chartsource>
        <chartsource position="15" scale="0" visible="true" dynamicconfig="false" aggregationtype="Avg" autounit="false" uiunit="none" fetchmeasurecolor="true" id="39f8f0d0-69ad-3d97-96a4-4b7b7b1d671a" displayrate="10s" unit="none" systemid="" overridesource="false" rate="10s" ratesupported="false" name="ByTraceName (VU=1;NA=Search)" sourcecolor="RGB(222,140,33,255)" measuretype="Measure" sourcetype="MEASURE" fetchthreshold="false" fetch.dynamic.measures="false" autoscale="false">
          <lightweightuniquemeasureidentifier keyid="" metricgroupkey="" collector="" systemid="" agenthost="" parentkeyid="" metrickeyid="" agentname="" />
          <displaysourceinfo />
        </chartsource>
        <splitconfig splitmode="AgentGroup" splitlayout="Horizontal" />
      </chart>
    </portletconfig>
  </dashboardconfig>
</dynatrace>

